model,split,macro_f1,f1_YES,f1_NO,f1_TBD,tbd_rate,ece,hc_error_85
S12_ep3,val,0.8211,0.8244,0.8495,0.7893,0.3183,0.046086,0.057427
S12_ep3,test,0.8254,0.831,0.8487,0.7966,0.3221,0.042603,0.055766
S12B_ep1,val,0.8213,0.8252,0.8496,0.7892,0.312,0.041295,0.04986
S12B_ep1,test,0.8252,0.8314,0.8486,0.7956,0.3155,0.04111,0.048546
