{
  "timestamp": "2026-07-04T02:48:43.681047",
  "results": {
    "validation": {
      "samples": 31299,
      "accuracy": 0.9384325377807597,
      "macro_f1": 0.9211176209309615,
      "f1_yes": 0.898954337659608,
      "f1_no": 0.9996934709308266,
      "f1_tbd": 0.8647050542024497
    },
    "test": {
      "samples": 31299,
      "accuracy": 0.9415955781334867,
      "macro_f1": 0.9239866733797789,
      "f1_yes": 0.9025054757198568,
      "f1_no": 0.9996654847126514,
      "f1_tbd": 0.8697890597068287
    }
  }
}