{
  "timestamp": "2026-07-04T03:17:07.250508",
  "dataset": "SEM-V7-20260617",
  "results": {
    "validation": {
      "samples": 58471,
      "accuracy": 0.7653879701048383,
      "macro_f1": 0.7633695161149574,
      "f1_yes": 0.7705411811179143,
      "f1_no": 0.7850313608494445,
      "f1_tbd": 0.7345360063775134
    },
    "test": {
      "samples": 44597,
      "accuracy": 0.8170504742471467,
      "macro_f1": 0.816644214394287,
      "f1_yes": 0.8235018883058721,
      "f1_no": 0.8395681315415855,
      "f1_tbd": 0.7868626233354032
    }
  }
}