{
  "experiment": "exp_t90_S12B_boundarypack_ep1_fromS12ep3_cert_stability_val_20260526",
  "checkpoint": "output/checkpoints/exp_t90_S12B_boundarypack_ep1_fromS12ep3/best_model_epoch_1.pt",
  "split": "validation",
  "n_seeds": 3,
  "generated": "2026-05-26 02:08",
  "results": [
    {
      "seed": 42,
      "n_samples": 44404,
      "macro_f1": 0.821317,
      "yes_f1": 0.8252,
      "no_f1": 0.849572,
      "tbd_f1": 0.78918,
      "accuracy": 0.822381
    },
    {
      "seed": 0,
      "n_samples": 44404,
      "macro_f1": 0.821317,
      "yes_f1": 0.8252,
      "no_f1": 0.849572,
      "tbd_f1": 0.78918,
      "accuracy": 0.822381
    },
    {
      "seed": 7,
      "n_samples": 44404,
      "macro_f1": 0.821317,
      "yes_f1": 0.8252,
      "no_f1": 0.849572,
      "tbd_f1": 0.78918,
      "accuracy": 0.822381
    }
  ],
  "statistics": {
    "f1_mean": 0.821317,
    "f1_std": 0.0,
    "f1_variance": 0.0,
    "f1_range": 0.0,
    "f1_min": 0.821317,
    "f1_max": 0.821317
  },
  "certification": {
    "gate": "std < 0.005",
    "result": "PASS",
    "std": 0.0
  }
}